﻿<tags>

    <a href="" rel="tag" style="font-size: 7pt;" color="0x4089F9">Ethan Galstad</a>
    <a href="" rel="tag" style="font-size: 7pt;" color="0x4089F9">Mary Starr</a>
    <a href="" rel="tag" style="font-size: 7pt;" color="0x4089F9">Mark Young</a>
    <a href="" rel="tag" style="font-size: 7pt;" color="0x4089F9">Anna Bird</a>
    <a href="" rel="tag" style="font-size: 7pt;" color="0x4089F9">Jared Bird</a>

    <a href="" rel="tag" style="font-size: 7pt;" color="0x4089F9">Andi Zacher</a>
    <a href="" rel="tag" style="font-size: 7pt;" color="0x4089F9">Tim Morgan</a>
    <a href="" rel="tag" style="font-size: 7pt;" color="0x4089F9">Michelle DeLaundreau</a>
    <a href="" rel="tag" style="font-size: 7pt;" color="0x4089F9">Carmen Roby</a>
    <a href="" rel="tag" style="font-size: 7pt;" color="0x4089F9">Eric Jedlicka</a>

    <a href="" rel="tag" style="font-size: 7pt;" color="0x4089F9">Mike Okeefe</a>
    <a href="" rel="tag" style="font-size: 7pt;" color="0x4089F9">Katie Montour</a>
    <a href="" rel="tag" style="font-size: 7pt;" color="0x4089F9">Shamas Demoret</a>
    <a href="" rel="tag" style="font-size: 7pt;" color="0x4089F9">Josh Manley</a>
    <a href="" rel="tag" style="font-size: 7pt;" color="0x4089F9">Paul Singh</a>
    
    <a href="" rel="tag" style="font-size: 7pt;" color="0x4089F9">Scott Wilkerson</a>
    <a href="" rel="tag" style="font-size: 7pt;" color="0x4089F9">Alex Syse</a>
    <a href="" rel="tag" style="font-size: 7pt;" color="0x4089F9">Jaired Johnson</a>
    <a href="" rel="tag" style="font-size: 7pt;" color="0x4089F9">Amy Lohmann</a>
    
    <a href="" rel="tag" style="font-size: 7pt;" color="0x4089F9">Jake Omann</a>
    <a href="" rel="tag" style="font-size: 7pt;" color="0x4089F9">Luke Groschen</a>
    <a href="" rel="tag" style="font-size: 7pt;" color="0x4089F9">Bryan Heden</a>
    <a href="" rel="tag" style="font-size: 7pt;" color="0x4089F9">John Frickson</a>
    
    <a href="" rel="tag" style="font-size: 7pt;" color="0x4089F9">Trevor McDonald</a>
    <a href="" rel="tag" style="font-size: 7pt;" color="0x4089F9">Troy Lea</a>
    <a href="" rel="tag" style="font-size: 7pt;" color="0x4089F9">Tom Griep</a>
    <a href="" rel="tag" style="font-size: 7pt;" color="0x4089F9">Holden Smith</a>
    <a href="" rel="tag" style="font-size: 7pt;" color="0x4089F9">Ludmil Miltchev</a>
    <a href="" rel="tag" style="font-size: 7pt;" color="0x4089F9">Sean Sax</a>
    <a href="" rel="tag" style="font-size: 7pt;" color="0x4089F9">Clint Kennedy</a>
    <a href="" rel="tag" style="font-size: 7pt;" color="0x4089F9">Brent Wallace</a>
    <a href="" rel="tag" style="font-size: 7pt;" color="0x4089F9">Matthew Capra</a>

    <a href="" rel="tag" style="font-size: 8pt;" color="0xBBBBBB">LANAlarm</a>
    <a href="" rel="tag" style="font-size: 8pt;" color="0x888888">NetSaint</a>
    <a href="" rel="tag" style="font-size: 8pt;" color="0x000000">Nagios</a>
    <a href="" rel="tag" style="font-size: 9pt;" color="0xF24800">Nagios Core</a>
    <a href="" rel="tag" style="font-size: 9pt;" color="0x4089F9">Nagios XI</a>
    <a href="" rel="tag" style="font-size: 9pt;" color="0x4089F9">Nagios Fusion</a>
    <a href="" rel="tag" style="font-size: 9pt;" color="0xFFA121">Nagios Network Analyzer</a>
    <a href="" rel="tag" style="font-size: 9pt;" color="0x7472DF">Nagios Incident Manager</a>
    <a href="" rel="tag" style="font-size: 9pt;" color="0x23B55E">Nagios Log Server</a>
    <a href="" rel="tag" style="font-size: 9pt;" color="0x454545">Nagios Reactor</a>
    <a href="" rel="tag" style="font-size: 9pt;" color="0x454545">NCPA</a>

    <a href="https://www.nagios.com" rel="tag" style="font-size: 10pt;" color="0x000000">Nagios Enterprises</a>

    <a href="" rel="tag" style="font-size: 7pt;" color="0x888888">03-14-1999</a>
    <a href="" rel="tag" style="font-size: 7pt;" color="0x888888">FOSDEM 2005</a>
    <a href="" rel="tag" style="font-size: 7pt;" color="0x888888">11-09-2007</a>
    <a href="" rel="tag" style="font-size: 7pt;" color="0x888888">12-31-2009</a>

    <a href="http://netsaint.sourceforge.net" rel="tag" style="font-size: 4pt;" color="0x000000">netsaint.sourceforge.net</a>
    <a href="https://www.nagios.org" rel="tag" style="font-size: 4pt;" color="0x000000">www.nagios.org</a>
    <a href="https://www.nagios.com" rel="tag" style="font-size: 4pt;" color="0x000000">www.nagios.com</a>
    <a href="https://exchange.nagios.com" rel="tag" style="font-size: 4pt;" color="0x000000">exchange.nagios.org</a>
    <a href="https://support.nagios.com" rel="tag" style="font-size: 4pt;" color="0x000000">support.nagios.com</a>
    <a href="https://library.nagios.com" rel="tag" style="font-size: 4pt;" color="0x000000">library.nagios.com</a>

</tags>